Aug 03 2024,340
Jul 27 2024,511
Jul 20 2024,517
Jul 13 2024,457
Jul 06 2024,435
Jun 29 2024,390
Jun 22 2024,405
Jun 15 2024,353
Jun 08 2024,302
Jun 01 2024,319
May 25 2024,338
May 18 2024,332
May 11 2024,330
May 04 2024,419
Apr 27 2024,424
Apr 20 2024,490
Apr 13 2024,560
Apr 06 2024,626
Mar 30 2024,733
Mar 23 2024,840
Mar 16 2024,1035
Mar 09 2024,1096
Mar 02 2024,1262
Feb 24 2024,1318
Feb 17 2024,1385
Feb 10 2024,1609
Feb 03 2024,1737
Jan 27 2024,2129
Jan 20 2024,2360
Jan 13 2024,2577
Jan 06 2024,2490
Dec 30 2023,2229
Dec 23 2023,1935
Dec 16 2023,1844
Dec 09 2023,1792
Dec 02 2023,1731
Nov 25 2023,1423
Nov 18 2023,1431
Nov 11 2023,1392
Nov 04 2023,1246
Oct 28 2023,1291
Oct 21 2023,1392
Oct 14 2023,1315
Oct 07 2023,1398
Sep 30 2023,1456
Sep 23 2023,1416
Sep 16 2023,1410
Sep 09 2023,1313
Sep 02 2023,1188
Aug 26 2023,1067
Aug 19 2023,921
Aug 12 2023,752
Aug 05 2023,672
Jul 29 2023,553
Jul 22 2023,540
Jul 15 2023,510
Jul 08 2023,492
Jul 01 2023,542
Jun 24 2023,583
Jun 17 2023,612
Jun 10 2023,633
Jun 03 2023,693
May 27 2023,742
May 20 2023,757
May 13 2023,838
May 06 2023,945
Apr 29 2023,1027
Apr 22 2023,1196
Apr 15 2023,1217
Apr 08 2023,1373
Apr 01 2023,1449
Mar 25 2023,1668
Mar 18 2023,1761
Mar 11 2023,1847
Mar 04 2023,1998
Feb 25 2023,2153
Feb 18 2023,2101
Feb 11 2023,2347
Feb 04 2023,2643
Jan 28 2023,2914
Jan 21 2023,3257
Jan 14 2023,3688
Jan 07 2023,3870
Dec 31 2022,3659
Dec 24 2022,3319
Dec 17 2022,3187
Dec 10 2022,3036
Dec 03 2022,2592
Nov 26 2022,2497
Nov 19 2022,2256
Nov 12 2022,2201
Nov 05 2022,2248
Oct 29 2022,2242
Oct 22 2022,2198
Oct 15 2022,2147
Oct 08 2022,2194
Oct 01 2022,2377
Sep 24 2022,2546
Sep 17 2022,2513
Sep 10 2022,2808
Sep 03 2022,2926
Aug 27 2022,3050
Aug 20 2022,3166
Aug 13 2022,3284
Aug 06 2022,3372
Jul 30 2022,3401
Jul 23 2022,3226
Jul 16 2022,2929
Jul 09 2022,2588
Jul 02 2022,2420
Jun 25 2022,2329
Jun 18 2022,2194
Jun 11 2022,2139
Jun 04 2022,2007
May 28 2022,1940
May 21 2022,1742
May 14 2022,1676
May 07 2022,1433
Apr 30 2022,1426
Apr 23 2022,1345
Apr 16 2022,1410
Apr 09 2022,1552
Apr 02 2022,1908
Mar 26 2022,2505
Mar 19 2022,3126
Mar 12 2022,4404
Mar 05 2022,6041
Feb 26 2022,8290
Feb 19 2022,11566
Feb 12 2022,15317
Feb 05 2022,18756
Jan 29 2022,20966
Jan 22 2022,21335
Jan 15 2022,19078
Jan 08 2022,15125
Jan 01 2022,11677